timestamp,value,metric
2025-06-02 08:08:21,19.99985571821673,avg(mc_tps)
2025-06-02 08:08:22,19.9989807918083,avg(mc_tps)
2025-06-02 08:08:23,19.99978326489126,avg(mc_tps)
2025-06-02 08:08:24,19.999943739334046,avg(mc_tps)
2025-06-02 08:08:25,19.99983019351378,avg(mc_tps)
2025-06-02 08:08:26,19.99996102103017,avg(mc_tps)
2025-06-02 08:08:27,19.97533848174726,avg(mc_tps)
2025-06-02 08:08:28,19.99992190790377,avg(mc_tps)
2025-06-02 08:08:29,19.99981185630059,avg(mc_tps)
2025-06-02 08:08:30,19.9998593998228,avg(mc_tps)
2025-06-02 08:08:31,19.999868564741327,avg(mc_tps)
2025-06-02 08:08:32,19.999098851342126,avg(mc_tps)
2025-06-02 08:08:33,19.99981084737116,avg(mc_tps)
2025-06-02 08:08:34,19.999927635660182,avg(mc_tps)
2025-06-02 08:08:35,19.938280454139143,avg(mc_tps)
2025-06-02 08:08:36,19.999668746715365,avg(mc_tps)
2025-06-02 08:08:37,19.999816116814618,avg(mc_tps)
2025-06-02 08:08:38,19.980923247470496,avg(mc_tps)
2025-06-02 08:08:39,19.999829384696795,avg(mc_tps)
2025-06-02 08:08:40,19.997108664241434,avg(mc_tps)
2025-06-02 08:08:41,19.999914252632863,avg(mc_tps)
2025-06-02 08:08:42,19.953114690084366,avg(mc_tps)
2025-06-02 08:08:43,19.985167506251848,avg(mc_tps)
2025-06-02 08:08:44,19.999855524079635,avg(mc_tps)
2025-06-02 08:08:45,19.998629474205405,avg(mc_tps)
2025-06-02 08:08:46,19.99978267237564,avg(mc_tps)
2025-06-02 08:08:47,19.926131273618346,avg(mc_tps)
2025-06-02 08:08:48,19.999902043553085,avg(mc_tps)
2025-06-02 08:08:49,19.999809980133566,avg(mc_tps)
2025-06-02 08:08:50,19.9857541791423,avg(mc_tps)
2025-06-02 08:08:51,19.969535604454435,avg(mc_tps)
2025-06-02 08:08:52,19.9998707235052,avg(mc_tps)
2025-06-02 08:08:53,19.999797353694795,avg(mc_tps)
2025-06-02 08:08:54,19.999888958558326,avg(mc_tps)
2025-06-02 08:08:55,19.999775960796935,avg(mc_tps)
2025-06-02 08:08:56,19.999340969819524,avg(mc_tps)
2025-06-02 08:08:57,19.999834580540796,avg(mc_tps)
2025-06-02 08:08:58,19.999873422305537,avg(mc_tps)
2025-06-02 08:08:59,19.994636681953942,avg(mc_tps)
2025-06-02 08:09:00,19.99990847235585,avg(mc_tps)
2025-06-02 08:09:01,19.999888703929763,avg(mc_tps)
2025-06-02 08:09:02,19.996203204320842,avg(mc_tps)
2025-06-02 08:09:03,19.999914583292444,avg(mc_tps)
2025-06-02 08:09:04,19.97865461532035,avg(mc_tps)
2025-06-02 08:09:05,19.999934931499354,avg(mc_tps)
2025-06-02 08:09:06,19.999861012201336,avg(mc_tps)
2025-06-02 08:09:07,19.99947095445371,avg(mc_tps)
2025-06-02 08:09:08,19.97896429193776,avg(mc_tps)
2025-06-02 08:09:09,19.997780757916903,avg(mc_tps)
2025-06-02 08:09:10,19.999848358428387,avg(mc_tps)
2025-06-02 08:09:11,19.999886797242684,avg(mc_tps)
2025-06-02 08:09:12,19.995847794476802,avg(mc_tps)
2025-06-02 08:09:13,19.999800065434215,avg(mc_tps)
2025-06-02 08:09:14,19.999956968843932,avg(mc_tps)
2025-06-02 08:09:15,19.99715010808992,avg(mc_tps)
2025-06-02 08:09:16,19.999840017564004,avg(mc_tps)
2025-06-02 08:09:17,19.999803651551403,avg(mc_tps)
2025-06-02 08:09:18,19.99979891933461,avg(mc_tps)
2025-06-02 08:09:19,19.9959334047879,avg(mc_tps)
2025-06-02 08:09:20,19.999846730694426,avg(mc_tps)
2025-06-02 08:09:21,19.99964510991071,avg(mc_tps)
2025-06-02 08:09:22,19.999130480907226,avg(mc_tps)
2025-06-02 08:09:23,19.998566158652373,avg(mc_tps)
2025-06-02 08:09:24,19.99968034649881,avg(mc_tps)
2025-06-02 08:09:25,19.99984465272322,avg(mc_tps)
2025-06-02 08:09:26,19.99990112785555,avg(mc_tps)
2025-06-02 08:09:27,19.999894503895796,avg(mc_tps)
2025-06-02 08:09:28,19.999823961096343,avg(mc_tps)
2025-06-02 08:09:29,19.977446911514527,avg(mc_tps)
2025-06-02 08:09:30,19.999906576036846,avg(mc_tps)
2025-06-02 08:09:31,19.999885481466634,avg(mc_tps)
2025-06-02 08:09:32,19.999843409972293,avg(mc_tps)
2025-06-02 08:09:33,19.951572370867446,avg(mc_tps)
2025-06-02 08:09:34,19.99986222319007,avg(mc_tps)
2025-06-02 08:09:35,19.99965509333548,avg(mc_tps)
2025-06-02 08:09:36,19.97711419305864,avg(mc_tps)
2025-06-02 08:09:37,19.999953246991158,avg(mc_tps)
2025-06-02 08:09:38,19.99990160515143,avg(mc_tps)
2025-06-02 08:09:39,19.974024954619615,avg(mc_tps)
2025-06-02 08:09:40,19.9999187873852,avg(mc_tps)
2025-06-02 08:09:41,19.999901750521087,avg(mc_tps)
2025-06-02 08:09:42,19.992276752938213,avg(mc_tps)
2025-06-02 08:09:43,19.999860925080608,avg(mc_tps)
2025-06-02 08:09:44,19.99697143359088,avg(mc_tps)
2025-06-02 08:09:45,19.99980234499244,avg(mc_tps)
2025-06-02 08:09:46,19.994510068034018,avg(mc_tps)
2025-06-02 08:09:47,19.999917840129438,avg(mc_tps)
2025-06-02 08:09:48,19.958875351896246,avg(mc_tps)
2025-06-02 08:09:49,19.997964658013696,avg(mc_tps)
2025-06-02 08:09:50,19.999936786503632,avg(mc_tps)
2025-06-02 08:09:51,19.996229819151605,avg(mc_tps)
2025-06-02 08:09:52,19.999915748413795,avg(mc_tps)
2025-06-02 08:09:53,19.999825265559096,avg(mc_tps)
2025-06-02 08:09:54,19.9999198232201,avg(mc_tps)
2025-06-02 08:09:55,19.999872366370735,avg(mc_tps)
2025-06-02 08:09:56,19.999838252616293,avg(mc_tps)
2025-06-02 08:09:57,19.999818158583984,avg(mc_tps)
2025-06-02 08:09:58,19.99987419563835,avg(mc_tps)
2025-06-02 08:09:59,19.99975403704474,avg(mc_tps)
2025-06-02 08:10:00,19.99981779734109,avg(mc_tps)
2025-06-02 08:10:01,19.999914637312056,avg(mc_tps)
2025-06-02 08:10:02,19.99981924107454,avg(mc_tps)
2025-06-02 08:10:03,19.998141687176975,avg(mc_tps)
2025-06-02 08:10:04,19.999961276830035,avg(mc_tps)
2025-06-02 08:10:05,19.999864070291384,avg(mc_tps)
2025-06-02 08:10:06,19.999904261636445,avg(mc_tps)
2025-06-02 08:10:07,19.999888521523268,avg(mc_tps)
2025-06-02 08:10:08,19.99996627756899,avg(mc_tps)
2025-06-02 08:10:09,19.999814923713515,avg(mc_tps)
2025-06-02 08:10:10,19.999868739081773,avg(mc_tps)
2025-06-02 08:10:11,19.99629495667648,avg(mc_tps)
2025-06-02 08:10:12,19.996082176714665,avg(mc_tps)
2025-06-02 08:10:13,19.99873710963491,avg(mc_tps)
2025-06-02 08:10:14,19.999884656300434,avg(mc_tps)
2025-06-02 08:10:15,19.99992519300653,avg(mc_tps)
2025-06-02 08:10:16,19.999882704686794,avg(mc_tps)
2025-06-02 08:10:17,19.999925392270896,avg(mc_tps)
2025-06-02 08:10:18,19.999926255572266,avg(mc_tps)
2025-06-02 08:10:19,19.999882549622516,avg(mc_tps)
2025-06-02 08:10:20,19.99985239216426,avg(mc_tps)
2025-06-02 08:10:21,19.99977888389109,avg(mc_tps)
2025-06-02 08:10:22,19.999830750484044,avg(mc_tps)
2025-06-02 08:10:23,19.99977024835894,avg(mc_tps)
2025-06-02 08:10:24,19.9987389590051,avg(mc_tps)
2025-06-02 08:10:25,19.99983817696586,avg(mc_tps)
2025-06-02 08:10:26,19.999887434533935,avg(mc_tps)
2025-06-02 08:10:27,19.99995850116289,avg(mc_tps)
2025-06-02 08:10:28,19.999894322425057,avg(mc_tps)
2025-06-02 08:10:29,19.999977814374237,avg(mc_tps)
2025-06-02 08:10:30,19.99993253019505,avg(mc_tps)
2025-06-02 08:10:31,19.99993078440109,avg(mc_tps)
2025-06-02 08:10:32,19.99978438648869,avg(mc_tps)
2025-06-02 08:10:33,19.999797436176628,avg(mc_tps)
2025-06-02 08:10:34,19.999285524985673,avg(mc_tps)
2025-06-02 08:10:35,19.99922319682423,avg(mc_tps)
2025-06-02 08:10:36,19.999807601098286,avg(mc_tps)
2025-06-02 08:10:37,19.999753768963544,avg(mc_tps)
2025-06-02 08:10:38,19.999800864033393,avg(mc_tps)
2025-06-02 08:10:39,19.999786158901504,avg(mc_tps)
2025-06-02 08:10:40,19.999448430949506,avg(mc_tps)
2025-06-02 08:10:41,19.99992286036228,avg(mc_tps)
2025-06-02 08:10:42,19.999915014664428,avg(mc_tps)
2025-06-02 08:10:43,19.997814728026633,avg(mc_tps)
2025-06-02 08:10:44,19.999113733337914,avg(mc_tps)
2025-06-02 08:10:45,19.99986942833574,avg(mc_tps)
2025-06-02 08:10:46,19.999844577143964,avg(mc_tps)
2025-06-02 08:10:47,19.99985006494211,avg(mc_tps)
2025-06-02 08:10:48,19.99988828514906,avg(mc_tps)
2025-06-02 08:10:49,19.999295868316043,avg(mc_tps)
2025-06-02 08:10:50,19.999006065405126,avg(mc_tps)
2025-06-02 08:10:51,19.999866071489393,avg(mc_tps)
2025-06-02 08:10:52,19.999851844162546,avg(mc_tps)
2025-06-02 08:10:53,19.999884221484105,avg(mc_tps)
2025-06-02 08:10:54,19.99991023060521,avg(mc_tps)
2025-06-02 08:10:55,19.99005299844377,avg(mc_tps)
2025-06-02 08:10:56,19.9952152956261,avg(mc_tps)
2025-06-02 08:10:57,19.99980861221607,avg(mc_tps)
2025-06-02 08:10:58,19.99959032286833,avg(mc_tps)
2025-06-02 08:10:59,19.99783115046111,avg(mc_tps)
2025-06-02 08:11:00,19.995882347817272,avg(mc_tps)
2025-06-02 08:11:01,19.998686004562668,avg(mc_tps)
2025-06-02 08:11:02,19.999817622546093,avg(mc_tps)
2025-06-02 08:11:03,19.997802780034522,avg(mc_tps)
2025-06-02 08:11:04,19.999832084493367,avg(mc_tps)
2025-06-02 08:11:05,19.99967652079203,avg(mc_tps)
2025-06-02 08:11:06,19.999852353080605,avg(mc_tps)
2025-06-02 08:11:07,19.999892895427553,avg(mc_tps)
2025-06-02 08:11:08,19.999936860029347,avg(mc_tps)
2025-06-02 08:11:09,19.999877409578087,avg(mc_tps)
2025-06-02 08:11:10,19.930376850327363,avg(mc_tps)
2025-06-02 08:11:11,19.99987861184156,avg(mc_tps)
2025-06-02 08:11:12,19.99970954250899,avg(mc_tps)
2025-06-02 08:11:13,19.992085125899646,avg(mc_tps)
2025-06-02 08:11:14,19.999862972875082,avg(mc_tps)
2025-06-02 08:11:15,19.999871936347688,avg(mc_tps)
2025-06-02 08:11:16,19.998405919624865,avg(mc_tps)
2025-06-02 08:11:17,19.998510653127486,avg(mc_tps)
2025-06-02 08:11:18,19.998063915403655,avg(mc_tps)
2025-06-02 08:11:19,19.997562720641717,avg(mc_tps)
2025-06-02 08:11:20,19.995589488780382,avg(mc_tps)
2025-06-02 08:11:21,19.999865832309652,avg(mc_tps)
2025-06-02 08:11:22,19.999889744255064,avg(mc_tps)
2025-06-02 08:11:23,19.999954791729476,avg(mc_tps)
2025-06-02 08:11:24,19.95779350855987,avg(mc_tps)
2025-06-02 08:11:25,19.99989234903467,avg(mc_tps)
2025-06-02 08:11:26,19.99568523063581,avg(mc_tps)
2025-06-02 08:11:27,19.999247592817444,avg(mc_tps)
2025-06-02 08:11:28,19.99938091145612,avg(mc_tps)
2025-06-02 08:11:29,19.999907342983757,avg(mc_tps)
2025-06-02 08:11:30,19.995559601026166,avg(mc_tps)
2025-06-02 08:11:31,19.99744652848694,avg(mc_tps)
2025-06-02 08:11:32,19.999784454454357,avg(mc_tps)
2025-06-02 08:11:33,19.998537781810082,avg(mc_tps)
2025-06-02 08:11:34,19.995813900577538,avg(mc_tps)
2025-06-02 08:11:35,19.999932987087117,avg(mc_tps)
2025-06-02 08:11:36,19.99805010776773,avg(mc_tps)
2025-06-02 08:11:37,19.99660975665944,avg(mc_tps)
2025-06-02 08:11:38,19.99994420846198,avg(mc_tps)
2025-06-02 08:11:39,19.999882787207877,avg(mc_tps)
2025-06-02 08:11:40,19.99925885676223,avg(mc_tps)
2025-06-02 08:11:41,19.99980250419089,avg(mc_tps)
2025-06-02 08:11:42,19.999901737876264,avg(mc_tps)
2025-06-02 08:11:43,19.994663678515707,avg(mc_tps)
2025-06-02 08:11:44,19.99982394042968,avg(mc_tps)
2025-06-02 08:11:45,19.99536370205544,avg(mc_tps)
2025-06-02 08:11:46,19.99866689311007,avg(mc_tps)
2025-06-02 08:11:47,19.99917448647031,avg(mc_tps)
2025-06-02 08:11:48,19.99255922849139,avg(mc_tps)
2025-06-02 08:11:49,19.95957308928274,avg(mc_tps)
2025-06-02 08:11:50,19.999915575832365,avg(mc_tps)
2025-06-02 08:11:51,19.998116023321668,avg(mc_tps)
2025-06-02 08:11:52,19.993514738842624,avg(mc_tps)
2025-06-02 08:11:53,19.999614680452787,avg(mc_tps)
2025-06-02 08:11:54,19.99332562967065,avg(mc_tps)
2025-06-02 08:11:55,19.998774898102507,avg(mc_tps)
2025-06-02 08:11:56,19.99531224171496,avg(mc_tps)
2025-06-02 08:11:57,19.999908290767316,avg(mc_tps)
2025-06-02 08:11:58,19.99994530793163,avg(mc_tps)
2025-06-02 08:11:59,19.99933101500187,avg(mc_tps)
2025-06-02 08:12:00,19.999838106528383,avg(mc_tps)
2025-06-02 08:12:01,19.996774080393358,avg(mc_tps)
2025-06-02 08:12:02,19.995343249424227,avg(mc_tps)
2025-06-02 08:12:03,19.999829026551488,avg(mc_tps)
2025-06-02 08:12:04,19.999896502875455,avg(mc_tps)
2025-06-02 08:12:05,19.999812864938203,avg(mc_tps)
2025-06-02 08:12:06,19.997687964950085,avg(mc_tps)
2025-06-02 08:12:07,19.999923266803787,avg(mc_tps)
2025-06-02 08:12:08,19.999383522511174,avg(mc_tps)
2025-06-02 08:12:09,19.998745720125797,avg(mc_tps)
2025-06-02 08:12:10,19.999899040728916,avg(mc_tps)
2025-06-02 08:12:11,19.97620503923504,avg(mc_tps)
2025-06-02 08:12:12,19.99855478290491,avg(mc_tps)
2025-06-02 08:12:13,19.99948470561971,avg(mc_tps)
2025-06-02 08:12:14,19.999903921168244,avg(mc_tps)
2025-06-02 08:12:15,19.98941293025705,avg(mc_tps)
2025-06-02 08:12:16,19.999274334490554,avg(mc_tps)
2025-06-02 08:12:17,19.996976963912893,avg(mc_tps)
2025-06-02 08:12:18,19.99648116409905,avg(mc_tps)
2025-06-02 08:12:19,19.99749559029343,avg(mc_tps)
2025-06-02 08:12:20,19.997113380730944,avg(mc_tps)
2025-06-02 08:12:21,19.98018399393894,avg(mc_tps)
2025-06-02 08:12:22,19.99792436286845,avg(mc_tps)
2025-06-02 08:12:23,19.999838068211588,avg(mc_tps)
2025-06-02 08:12:24,19.998622200772434,avg(mc_tps)
2025-06-02 08:12:25,19.93140154178005,avg(mc_tps)
2025-06-02 08:12:26,19.997244867867785,avg(mc_tps)
2025-06-02 08:12:27,19.992005869786528,avg(mc_tps)
2025-06-02 08:12:28,19.994298482308714,avg(mc_tps)
2025-06-02 08:12:29,19.97927675020236,avg(mc_tps)
2025-06-02 08:12:30,19.997464891630823,avg(mc_tps)
2025-06-02 08:12:31,19.99986987304372,avg(mc_tps)
2025-06-02 08:12:32,19.99991552523933,avg(mc_tps)
2025-06-02 08:12:33,19.99981175412763,avg(mc_tps)
2025-06-02 08:12:34,19.97780808095726,avg(mc_tps)
2025-06-02 08:12:35,19.9998855895405,avg(mc_tps)
2025-06-02 08:12:36,19.994667616218692,avg(mc_tps)
2025-06-02 08:12:37,19.996730122653528,avg(mc_tps)
2025-06-02 08:12:38,19.99815555210909,avg(mc_tps)
2025-06-02 08:12:39,19.99038937722855,avg(mc_tps)
2025-06-02 08:12:40,19.99822994347135,avg(mc_tps)
2025-06-02 08:12:41,19.990977470631698,avg(mc_tps)
2025-06-02 08:12:42,19.997581399035838,avg(mc_tps)
2025-06-02 08:12:43,19.99652249983698,avg(mc_tps)
2025-06-02 08:12:44,19.999869658726944,avg(mc_tps)
2025-06-02 08:12:45,19.99505812387103,avg(mc_tps)
2025-06-02 08:12:46,19.999824070885158,avg(mc_tps)
2025-06-02 08:12:47,19.9988008690136,avg(mc_tps)
2025-06-02 08:12:48,19.98050282328819,avg(mc_tps)
2025-06-02 08:12:49,19.999821482358904,avg(mc_tps)
2025-06-02 08:12:50,19.999875700935874,avg(mc_tps)
2025-06-02 08:12:51,19.99982367271421,avg(mc_tps)
2025-06-02 08:12:52,19.999711280089294,avg(mc_tps)
2025-06-02 08:12:53,19.999949011704402,avg(mc_tps)
2025-06-02 08:12:54,19.994540228435422,avg(mc_tps)
2025-06-02 08:12:55,19.99981235357875,avg(mc_tps)
2025-06-02 08:12:56,19.99855276289923,avg(mc_tps)
2025-06-02 08:12:57,19.999883398662682,avg(mc_tps)
2025-06-02 08:12:58,19.997639196086958,avg(mc_tps)
2025-06-02 08:12:59,19.998884815778727,avg(mc_tps)
2025-06-02 08:13:00,19.99909803426879,avg(mc_tps)
2025-06-02 08:13:01,19.998886334346984,avg(mc_tps)
2025-06-02 08:13:02,19.98678358693006,avg(mc_tps)
2025-06-02 08:13:03,19.994347073361464,avg(mc_tps)
2025-06-02 08:13:04,19.93878990727834,avg(mc_tps)
2025-06-02 08:13:05,19.996734737683695,avg(mc_tps)
2025-06-02 08:13:06,19.993789820491358,avg(mc_tps)
2025-06-02 08:13:07,19.94597137015692,avg(mc_tps)
2025-06-02 08:13:08,19.96929432138448,avg(mc_tps)
2025-06-02 08:13:09,19.999828529654934,avg(mc_tps)
2025-06-02 08:13:10,19.995174411133693,avg(mc_tps)
2025-06-02 08:13:11,19.99943566838523,avg(mc_tps)
2025-06-02 08:13:12,19.9973894136416,avg(mc_tps)
2025-06-02 08:13:13,19.999836264715434,avg(mc_tps)
2025-06-02 08:13:14,19.995806990308026,avg(mc_tps)
2025-06-02 08:13:15,19.99643598515008,avg(mc_tps)
2025-06-02 08:13:16,19.989827700023937,avg(mc_tps)
2025-06-02 08:13:17,19.990838886666168,avg(mc_tps)
2025-06-02 08:13:18,19.995332111393733,avg(mc_tps)
2025-06-02 08:13:19,19.992465822310905,avg(mc_tps)
2025-06-02 08:13:20,19.996755947748476,avg(mc_tps)
2025-06-02 08:13:21,19.968022354491296,avg(mc_tps)
2025-06-02 08:13:22,19.99729819722599,avg(mc_tps)
2025-06-02 08:13:23,19.994901624755087,avg(mc_tps)
2025-06-02 08:13:24,19.970001482224827,avg(mc_tps)
2025-06-02 08:13:25,19.966197641608474,avg(mc_tps)
2025-06-02 08:13:26,19.996885032221158,avg(mc_tps)
2025-06-02 08:13:27,19.980623893366968,avg(mc_tps)
2025-06-02 08:13:28,19.974992059907,avg(mc_tps)
2025-06-02 08:13:29,19.923498574081265,avg(mc_tps)
2025-06-02 08:13:30,19.99749833763937,avg(mc_tps)
2025-06-02 08:13:31,19.989813170567004,avg(mc_tps)
2025-06-02 08:13:32,19.995587156903223,avg(mc_tps)
2025-06-02 08:13:33,19.971540527172937,avg(mc_tps)
2025-06-02 08:13:34,19.982785534634022,avg(mc_tps)
2025-06-02 08:13:35,19.9998752881751,avg(mc_tps)
2025-06-02 08:13:36,19.98845267414539,avg(mc_tps)
2025-06-02 08:13:37,19.939297357851935,avg(mc_tps)
2025-06-02 08:13:38,19.94320824202686,avg(mc_tps)
2025-06-02 08:13:39,19.832414369791636,avg(mc_tps)
2025-06-02 08:13:40,19.924696766336993,avg(mc_tps)
2025-06-02 08:13:41,19.928537280516007,avg(mc_tps)
2025-06-02 08:13:42,19.990344335554127,avg(mc_tps)
2025-06-02 08:13:43,19.99086189005022,avg(mc_tps)
2025-06-02 08:13:44,19.960771952899595,avg(mc_tps)
2025-06-02 08:13:45,19.997006033789702,avg(mc_tps)
2025-06-02 08:13:46,19.985310883072977,avg(mc_tps)
2025-06-02 08:13:47,19.966717428802845,avg(mc_tps)
2025-06-02 08:13:48,19.98284875279522,avg(mc_tps)
2025-06-02 08:13:49,19.976692495526333,avg(mc_tps)
2025-06-02 08:13:50,19.998327962688474,avg(mc_tps)
2025-06-02 08:13:51,19.974448966173117,avg(mc_tps)
2025-06-02 08:13:52,19.967166254624868,avg(mc_tps)
2025-06-02 08:13:53,19.995562608850133,avg(mc_tps)
2025-06-02 08:13:54,19.99989789239346,avg(mc_tps)
2025-06-02 08:13:55,19.984960551213184,avg(mc_tps)
2025-06-02 08:13:56,19.976754493712686,avg(mc_tps)
2025-06-02 08:13:57,19.95340873017903,avg(mc_tps)
2025-06-02 08:13:58,19.99156968220626,avg(mc_tps)
2025-06-02 08:13:59,19.998900137184645,avg(mc_tps)
2025-06-02 08:14:00,19.987683987974734,avg(mc_tps)
2025-06-02 08:14:01,19.97480736521045,avg(mc_tps)
2025-06-02 08:14:02,19.984369903246392,avg(mc_tps)
2025-06-02 08:14:03,19.97219898469089,avg(mc_tps)
2025-06-02 08:14:04,19.941536789378922,avg(mc_tps)
2025-06-02 08:14:05,19.95512914348799,avg(mc_tps)
2025-06-02 08:14:06,19.994225535177602,avg(mc_tps)
2025-06-02 08:14:07,19.998670609101673,avg(mc_tps)
2025-06-02 08:14:08,19.99192613612093,avg(mc_tps)
2025-06-02 08:14:09,19.981096189625177,avg(mc_tps)
2025-06-02 08:14:10,19.987842700624494,avg(mc_tps)
2025-06-02 08:14:11,19.997199180545124,avg(mc_tps)
2025-06-02 08:14:12,19.96345782503215,avg(mc_tps)
2025-06-02 08:14:13,19.99991478379664,avg(mc_tps)
2025-06-02 08:14:14,19.99243106091444,avg(mc_tps)
2025-06-02 08:14:15,19.992997127498374,avg(mc_tps)
2025-06-02 08:14:16,19.995960990816695,avg(mc_tps)
2025-06-02 08:14:17,19.989874348439418,avg(mc_tps)
2025-06-02 08:14:18,19.97732736844988,avg(mc_tps)
2025-06-02 08:14:19,19.968149922082247,avg(mc_tps)
2025-06-02 08:14:20,19.990380923981046,avg(mc_tps)
2025-06-02 08:14:21,19.99347326674132,avg(mc_tps)
2025-06-02 08:14:22,19.938408236424277,avg(mc_tps)
2025-06-02 08:14:23,19.980779598682282,avg(mc_tps)
2025-06-02 08:14:24,19.975142724549123,avg(mc_tps)
2025-06-02 08:14:25,19.991771060408883,avg(mc_tps)
2025-06-02 08:14:26,19.96447219669751,avg(mc_tps)
2025-06-02 08:14:27,19.99339197308975,avg(mc_tps)
2025-06-02 08:14:28,19.89873733772714,avg(mc_tps)
2025-06-02 08:14:29,19.922321079947732,avg(mc_tps)
2025-06-02 08:14:30,19.99283892629819,avg(mc_tps)
2025-06-02 08:14:31,19.967508930142557,avg(mc_tps)
2025-06-02 08:14:32,19.962860075579876,avg(mc_tps)
2025-06-02 08:14:33,19.99744299523623,avg(mc_tps)
2025-06-02 08:14:34,19.9975132126204,avg(mc_tps)
2025-06-02 08:14:35,19.996384184348408,avg(mc_tps)
2025-06-02 08:14:36,19.996442699963357,avg(mc_tps)
2025-06-02 08:14:37,19.95188630973903,avg(mc_tps)
2025-06-02 08:14:38,19.983874437356064,avg(mc_tps)
2025-06-02 08:14:39,19.984106874958748,avg(mc_tps)
2025-06-02 08:14:40,19.989102468714048,avg(mc_tps)
2025-06-02 08:14:41,19.983417511024935,avg(mc_tps)
2025-06-02 08:14:42,19.976955079989423,avg(mc_tps)
2025-06-02 08:14:43,19.997801415629294,avg(mc_tps)
2025-06-02 08:14:44,19.979505433689216,avg(mc_tps)
2025-06-02 08:14:45,19.98195074401287,avg(mc_tps)
2025-06-02 08:14:46,19.993304921100886,avg(mc_tps)
2025-06-02 08:14:47,19.99546264000172,avg(mc_tps)
2025-06-02 08:14:48,19.99793838442564,avg(mc_tps)
2025-06-02 08:14:49,19.86877932481081,avg(mc_tps)
2025-06-02 08:14:50,19.888381638487676,avg(mc_tps)
2025-06-02 08:14:51,19.965161483497777,avg(mc_tps)
2025-06-02 08:14:52,19.94678490976053,avg(mc_tps)
2025-06-02 08:14:53,19.99223051521963,avg(mc_tps)
2025-06-02 08:14:54,19.998136631647892,avg(mc_tps)
2025-06-02 08:14:55,19.99789457367973,avg(mc_tps)
2025-06-02 08:14:56,19.99825300041821,avg(mc_tps)
2025-06-02 08:14:57,19.93597566002258,avg(mc_tps)
2025-06-02 08:14:58,19.9851824617598,avg(mc_tps)
2025-06-02 08:14:59,19.999008494944526,avg(mc_tps)
2025-06-02 08:15:00,19.95366676866473,avg(mc_tps)
2025-06-02 08:15:01,19.96405514352435,avg(mc_tps)
2025-06-02 08:15:02,19.98714718022293,avg(mc_tps)
2025-06-02 08:15:03,19.960714075636517,avg(mc_tps)
2025-06-02 08:15:04,19.948150739232773,avg(mc_tps)
2025-06-02 08:15:05,19.962953510047146,avg(mc_tps)
2025-06-02 08:15:06,19.958132900442223,avg(mc_tps)
2025-06-02 08:15:07,19.884988674003495,avg(mc_tps)
2025-06-02 08:15:08,19.89884875249427,avg(mc_tps)
2025-06-02 08:15:09,19.828478539272254,avg(mc_tps)
2025-06-02 08:15:10,19.90499658251817,avg(mc_tps)
2025-06-02 08:15:11,19.851242944236,avg(mc_tps)
2025-06-02 08:15:12,19.883860229830855,avg(mc_tps)
2025-06-02 08:15:13,19.92677166813637,avg(mc_tps)
2025-06-02 08:15:14,19.969249846626678,avg(mc_tps)
2025-06-02 08:15:15,19.98429766898161,avg(mc_tps)
2025-06-02 08:15:16,19.983290016810873,avg(mc_tps)
2025-06-02 08:15:17,19.989335414291705,avg(mc_tps)
2025-06-02 08:15:18,19.993508554974508,avg(mc_tps)
2025-06-02 08:15:19,19.991155743502773,avg(mc_tps)
2025-06-02 08:15:20,19.966846818514146,avg(mc_tps)
2025-06-02 08:15:21,19.93315279446931,avg(mc_tps)
2025-06-02 08:15:22,19.97712225188929,avg(mc_tps)
2025-06-02 08:15:23,19.98032088435785,avg(mc_tps)
2025-06-02 08:15:24,19.942586377660312,avg(mc_tps)
2025-06-02 08:15:25,19.86664498234911,avg(mc_tps)
2025-06-02 08:15:26,19.88437094009049,avg(mc_tps)
2025-06-02 08:15:27,19.928160657097322,avg(mc_tps)
2025-06-02 08:15:28,19.982052858649784,avg(mc_tps)
2025-06-02 08:15:29,19.97900087465748,avg(mc_tps)
2025-06-02 08:15:30,19.965670753943353,avg(mc_tps)
2025-06-02 08:15:31,19.980046268596272,avg(mc_tps)
2025-06-02 08:15:32,19.940348913960833,avg(mc_tps)
2025-06-02 08:15:33,19.966788894065306,avg(mc_tps)
2025-06-02 08:15:34,19.9482338573957,avg(mc_tps)
2025-06-02 08:15:35,19.98502944251827,avg(mc_tps)
2025-06-02 08:15:36,19.98183588444572,avg(mc_tps)
2025-06-02 08:15:37,19.98004144962962,avg(mc_tps)
2025-06-02 08:15:38,19.99087448975262,avg(mc_tps)
2025-06-02 08:15:39,19.926620341730068,avg(mc_tps)
2025-06-02 08:15:40,19.961892472542647,avg(mc_tps)
2025-06-02 08:15:41,19.984175598643418,avg(mc_tps)
2025-06-02 08:15:42,19.978217876460864,avg(mc_tps)
2025-06-02 08:15:43,19.954466627333044,avg(mc_tps)
2025-06-02 08:15:44,19.879626039173658,avg(mc_tps)
2025-06-02 08:15:45,19.91576361719671,avg(mc_tps)
2025-06-02 08:15:46,19.94193919964899,avg(mc_tps)
2025-06-02 08:15:47,19.95090294334314,avg(mc_tps)
2025-06-02 08:15:48,19.944707419966104,avg(mc_tps)
2025-06-02 08:15:49,19.959378336544884,avg(mc_tps)
2025-06-02 08:15:50,19.935638297616997,avg(mc_tps)
2025-06-02 08:15:51,19.977685804716895,avg(mc_tps)
2025-06-02 08:15:52,19.989163526284173,avg(mc_tps)
2025-06-02 08:15:53,19.968251095047723,avg(mc_tps)
2025-06-02 08:15:54,19.987917631787166,avg(mc_tps)
2025-06-02 08:15:55,19.992224135536446,avg(mc_tps)
2025-06-02 08:15:56,19.964885997328054,avg(mc_tps)
2025-06-02 08:15:57,19.97258518408279,avg(mc_tps)
2025-06-02 08:15:58,19.945599541574502,avg(mc_tps)
2025-06-02 08:15:59,19.887403813234055,avg(mc_tps)
2025-06-02 08:16:00,19.90087255152988,avg(mc_tps)
2025-06-02 08:16:01,19.88434639978067,avg(mc_tps)
2025-06-02 08:16:02,19.857314005821863,avg(mc_tps)
2025-06-02 08:16:03,19.93797960257741,avg(mc_tps)
2025-06-02 08:16:04,19.883755968731954,avg(mc_tps)
2025-06-02 08:16:05,19.882643452834348,avg(mc_tps)
2025-06-02 08:16:06,19.89234927422248,avg(mc_tps)
2025-06-02 08:16:07,19.980544909831405,avg(mc_tps)
2025-06-02 08:16:08,19.98861634092217,avg(mc_tps)
2025-06-02 08:16:09,19.968952957195942,avg(mc_tps)
2025-06-02 08:16:10,19.94423829190035,avg(mc_tps)
2025-06-02 08:16:11,19.997697310402796,avg(mc_tps)
2025-06-02 08:16:12,19.986156479174696,avg(mc_tps)
2025-06-02 08:16:13,19.995720622469026,avg(mc_tps)
2025-06-02 08:16:14,19.972116492031095,avg(mc_tps)
2025-06-02 08:16:15,19.98774068822958,avg(mc_tps)
2025-06-02 08:16:16,19.990291993390407,avg(mc_tps)
2025-06-02 08:16:17,19.97981402055144,avg(mc_tps)
2025-06-02 08:16:18,19.941713961479394,avg(mc_tps)
2025-06-02 08:16:19,19.922358656717787,avg(mc_tps)
2025-06-02 08:16:20,19.86053310124458,avg(mc_tps)
2025-06-02 08:16:21,19.94272370372356,avg(mc_tps)
2025-06-02 08:16:22,19.929997712305127,avg(mc_tps)
2025-06-02 08:16:23,19.90982816271139,avg(mc_tps)
2025-06-02 08:16:24,19.89411968393411,avg(mc_tps)
2025-06-02 08:16:25,19.881859807598826,avg(mc_tps)
2025-06-02 08:16:26,19.931855406504603,avg(mc_tps)
2025-06-02 08:16:27,19.977816975089215,avg(mc_tps)
2025-06-02 08:16:28,19.989381283754334,avg(mc_tps)
2025-06-02 08:16:29,19.99095195584469,avg(mc_tps)
2025-06-02 08:16:30,19.972034659308452,avg(mc_tps)
2025-06-02 08:16:31,19.877243826238857,avg(mc_tps)
2025-06-02 08:16:32,19.885731581801434,avg(mc_tps)
2025-06-02 08:16:33,19.9197934357816,avg(mc_tps)
2025-06-02 08:16:34,19.921267227762517,avg(mc_tps)
2025-06-02 08:16:35,19.922487275897094,avg(mc_tps)
2025-06-02 08:16:36,19.947450041521346,avg(mc_tps)
2025-06-02 08:16:37,19.98183845007016,avg(mc_tps)
2025-06-02 08:16:38,19.94315861756564,avg(mc_tps)
2025-06-02 08:16:39,19.873755575824415,avg(mc_tps)
2025-06-02 08:16:40,19.878130336869663,avg(mc_tps)
2025-06-02 08:16:41,19.80380446933023,avg(mc_tps)
2025-06-02 08:16:42,19.762790469638603,avg(mc_tps)
2025-06-02 08:16:43,19.800653601735018,avg(mc_tps)
2025-06-02 08:16:44,19.8452456589917,avg(mc_tps)
2025-06-02 08:16:45,19.886002811069794,avg(mc_tps)
2025-06-02 08:16:46,19.881341175523442,avg(mc_tps)
2025-06-02 08:16:47,19.914822039374382,avg(mc_tps)
2025-06-02 08:16:48,19.93242186202976,avg(mc_tps)
2025-06-02 08:16:49,19.940079939124097,avg(mc_tps)
2025-06-02 08:16:50,19.95599235514091,avg(mc_tps)
2025-06-02 08:16:51,19.968871078947775,avg(mc_tps)
2025-06-02 08:16:52,19.945816330410004,avg(mc_tps)
2025-06-02 08:16:53,19.879231629230087,avg(mc_tps)
2025-06-02 08:16:54,19.967712687374224,avg(mc_tps)
2025-06-02 08:16:55,19.99613327443504,avg(mc_tps)
2025-06-02 08:16:56,19.940786762810358,avg(mc_tps)
2025-06-02 08:16:57,19.975724562474696,avg(mc_tps)
2025-06-02 08:16:58,19.96821290241634,avg(mc_tps)
2025-06-02 08:16:59,19.97381899550044,avg(mc_tps)
2025-06-02 08:17:00,19.961152561234968,avg(mc_tps)
2025-06-02 08:17:01,19.95715353822578,avg(mc_tps)
2025-06-02 08:17:02,19.959551652939883,avg(mc_tps)
2025-06-02 08:17:03,19.87037928053281,avg(mc_tps)
2025-06-02 08:17:04,19.889509373658967,avg(mc_tps)
2025-06-02 08:17:05,19.94921068651936,avg(mc_tps)
2025-06-02 08:17:06,19.989254986954638,avg(mc_tps)
2025-06-02 08:17:07,19.962758801769446,avg(mc_tps)
2025-06-02 08:17:08,19.930968752009314,avg(mc_tps)
2025-06-02 08:17:09,19.797942712440452,avg(mc_tps)
2025-06-02 08:17:10,19.84867088296512,avg(mc_tps)
2025-06-02 08:17:11,19.816289261678453,avg(mc_tps)
2025-06-02 08:17:12,19.789750848565195,avg(mc_tps)
2025-06-02 08:17:13,19.88894296096989,avg(mc_tps)
2025-06-02 08:17:14,19.92972603871684,avg(mc_tps)
2025-06-02 08:17:15,19.90927494836747,avg(mc_tps)
2025-06-02 08:17:16,19.972221114506734,avg(mc_tps)
2025-06-02 08:17:17,19.963310264586482,avg(mc_tps)
2025-06-02 08:17:18,19.938205690362377,avg(mc_tps)
2025-06-02 08:17:19,19.91229829884189,avg(mc_tps)
2025-06-02 08:17:20,19.946577304633877,avg(mc_tps)
2025-06-02 08:17:21,19.850203613223634,avg(mc_tps)
2025-06-02 08:17:22,19.84952653580988,avg(mc_tps)
2025-06-02 08:17:23,19.87539448294019,avg(mc_tps)
2025-06-02 08:17:24,19.820752320524367,avg(mc_tps)
2025-06-02 08:17:25,19.711049236162406,avg(mc_tps)
2025-06-02 08:17:26,19.733781833172387,avg(mc_tps)
2025-06-02 08:17:27,19.538270305617704,avg(mc_tps)
2025-06-02 08:17:28,19.783427122755413,avg(mc_tps)
2025-06-02 08:17:29,19.942204113132934,avg(mc_tps)
2025-06-02 08:17:30,19.983159992784476,avg(mc_tps)
2025-06-02 08:17:31,19.93628555011003,avg(mc_tps)
2025-06-02 08:17:32,19.965550532106842,avg(mc_tps)
2025-06-02 08:17:33,19.936610894145755,avg(mc_tps)
2025-06-02 08:17:34,19.768171584782614,avg(mc_tps)
2025-06-02 08:17:35,19.82672767312993,avg(mc_tps)
2025-06-02 08:17:36,19.885281870123055,avg(mc_tps)
2025-06-02 08:17:37,19.872526524174248,avg(mc_tps)
2025-06-02 08:17:38,19.952292552196752,avg(mc_tps)
2025-06-02 08:17:39,19.962331058051287,avg(mc_tps)
2025-06-02 08:17:40,19.937699509181996,avg(mc_tps)
2025-06-02 08:17:41,19.93315168024528,avg(mc_tps)
2025-06-02 08:17:42,19.870327744274874,avg(mc_tps)
2025-06-02 08:17:43,19.933500274472145,avg(mc_tps)
2025-06-02 08:17:44,19.890056770118445,avg(mc_tps)
2025-06-02 08:17:45,19.900058188875885,avg(mc_tps)
2025-06-02 08:17:46,19.869860394358884,avg(mc_tps)
2025-06-02 08:17:47,19.949554873786067,avg(mc_tps)
2025-06-02 08:17:48,19.852563970439732,avg(mc_tps)
2025-06-02 08:17:49,19.90354603607431,avg(mc_tps)
2025-06-02 08:17:50,19.956137361860286,avg(mc_tps)
2025-06-02 08:17:51,19.925462948094495,avg(mc_tps)
2025-06-02 08:17:52,19.95204836162918,avg(mc_tps)
2025-06-02 08:17:53,19.9978801122841,avg(mc_tps)
2025-06-02 08:17:54,19.986275207469966,avg(mc_tps)
2025-06-02 08:17:55,19.938431897825193,avg(mc_tps)
2025-06-02 08:17:56,19.87922128376477,avg(mc_tps)
2025-06-02 08:17:57,19.86107641628317,avg(mc_tps)
2025-06-02 08:17:58,19.879392710999397,avg(mc_tps)
2025-06-02 08:17:59,19.84832415289589,avg(mc_tps)
2025-06-02 08:18:00,19.82500619881367,avg(mc_tps)
2025-06-02 08:18:01,19.711804784438062,avg(mc_tps)
2025-06-02 08:18:02,19.716687341121773,avg(mc_tps)
2025-06-02 08:18:03,19.617823502240253,avg(mc_tps)
2025-06-02 08:18:04,19.704577557390557,avg(mc_tps)
2025-06-02 08:18:05,19.686992921703677,avg(mc_tps)
2025-06-02 08:18:06,19.86328386163091,avg(mc_tps)
2025-06-02 08:18:07,19.94798368746187,avg(mc_tps)
2025-06-02 08:18:08,19.94243473066254,avg(mc_tps)
2025-06-02 08:18:09,19.946471442226812,avg(mc_tps)
2025-06-02 08:18:10,19.9513657500234,avg(mc_tps)
2025-06-02 08:18:11,19.866574836453164,avg(mc_tps)
2025-06-02 08:18:12,19.887747970470777,avg(mc_tps)
2025-06-02 08:18:13,19.829187641631002,avg(mc_tps)
2025-06-02 08:18:14,19.88449336889398,avg(mc_tps)
2025-06-02 08:18:15,19.863738525368948,avg(mc_tps)
2025-06-02 08:18:16,19.89622451793495,avg(mc_tps)
2025-06-02 08:18:17,19.82566833651824,avg(mc_tps)
2025-06-02 08:18:18,19.819759568913643,avg(mc_tps)
2025-06-02 08:18:19,19.75429953148034,avg(mc_tps)
2025-06-02 08:18:20,19.78746534818959,avg(mc_tps)
2025-06-02 08:18:21,19.854333756099813,avg(mc_tps)
2025-06-02 08:18:22,19.878042696324197,avg(mc_tps)
2025-06-02 08:18:23,19.860745081334052,avg(mc_tps)
2025-06-02 08:18:24,19.970521199446953,avg(mc_tps)
2025-06-02 08:18:25,19.946252900471322,avg(mc_tps)
2025-06-02 08:18:26,19.872190379370068,avg(mc_tps)
2025-06-02 08:18:27,19.946821544300406,avg(mc_tps)
2025-06-02 08:18:28,19.943986656197318,avg(mc_tps)
2025-06-02 08:18:29,19.841826184872666,avg(mc_tps)
2025-06-02 08:18:30,19.78598646073115,avg(mc_tps)
2025-06-02 08:18:31,19.78956797857378,avg(mc_tps)
2025-06-02 08:18:32,19.805972762206338,avg(mc_tps)
2025-06-02 08:18:33,19.8671150929519,avg(mc_tps)
2025-06-02 08:18:34,19.617105156015167,avg(mc_tps)
2025-06-02 08:18:35,19.564402661619123,avg(mc_tps)
2025-06-02 08:18:36,19.822734280480038,avg(mc_tps)
2025-06-02 08:18:37,19.985036951967846,avg(mc_tps)
2025-06-02 08:18:38,19.99173808985746,avg(mc_tps)
2025-06-02 08:18:39,19.999989425589455,avg(mc_tps)
2025-06-02 08:18:40,19.98334989699611,avg(mc_tps)
2025-06-02 08:18:41,19.99067961474159,avg(mc_tps)
2025-06-02 08:18:42,19.975031861061165,avg(mc_tps)
2025-06-02 08:18:43,19.927105145023486,avg(mc_tps)
2025-06-02 08:18:44,19.970070906296602,avg(mc_tps)
2025-06-02 08:18:45,19.919143057550325,avg(mc_tps)
2025-06-02 08:18:46,19.95850376328504,avg(mc_tps)
2025-06-02 08:18:47,19.953017565115687,avg(mc_tps)
2025-06-02 08:18:48,19.957561825186144,avg(mc_tps)
2025-06-02 08:18:49,19.919397191067752,avg(mc_tps)
2025-06-02 08:18:50,19.932588050879637,avg(mc_tps)
2025-06-02 08:18:51,19.904587339322227,avg(mc_tps)
2025-06-02 08:18:52,19.821142086845256,avg(mc_tps)
2025-06-02 08:18:53,19.910035740234317,avg(mc_tps)
2025-06-02 08:18:54,19.905581031539967,avg(mc_tps)
2025-06-02 08:18:55,19.971480161381756,avg(mc_tps)
2025-06-02 08:18:56,19.893683445731103,avg(mc_tps)
2025-06-02 08:18:57,19.93821282216277,avg(mc_tps)
2025-06-02 08:18:58,19.96800884236342,avg(mc_tps)
2025-06-02 08:18:59,19.90270327815957,avg(mc_tps)
2025-06-02 08:19:00,19.944214133218587,avg(mc_tps)
2025-06-02 08:19:01,19.994567104699602,avg(mc_tps)
2025-06-02 08:19:02,19.965752974331274,avg(mc_tps)
2025-06-02 08:19:03,19.985488730960622,avg(mc_tps)
2025-06-02 08:19:04,19.92829201790742,avg(mc_tps)
2025-06-02 08:19:05,19.923405900131236,avg(mc_tps)
2025-06-02 08:19:06,19.92485919196761,avg(mc_tps)
2025-06-02 08:19:07,19.921198888974992,avg(mc_tps)
2025-06-02 08:19:08,19.890871624282134,avg(mc_tps)
2025-06-02 08:19:09,19.90228937032262,avg(mc_tps)
2025-06-02 08:19:10,19.92253234321506,avg(mc_tps)
2025-06-02 08:19:11,19.967744633414576,avg(mc_tps)
2025-06-02 08:19:12,19.97031518858541,avg(mc_tps)
2025-06-02 08:19:13,19.977875437325004,avg(mc_tps)
2025-06-02 08:19:14,19.979847030934486,avg(mc_tps)
2025-06-02 08:19:15,19.985997910060576,avg(mc_tps)
2025-06-02 08:19:16,19.964697182618693,avg(mc_tps)
2025-06-02 08:19:17,19.942168208505215,avg(mc_tps)
2025-06-02 08:19:18,19.926544467149554,avg(mc_tps)
2025-06-02 08:19:19,19.963726773009835,avg(mc_tps)
2025-06-02 08:19:20,19.953613840383692,avg(mc_tps)
2025-06-02 08:19:21,19.930667103951432,avg(mc_tps)
2025-06-02 08:19:22,19.91344845140152,avg(mc_tps)
2025-06-02 08:19:23,19.986316938620327,avg(mc_tps)
2025-06-02 08:19:24,19.928639678033377,avg(mc_tps)
2025-06-02 08:19:25,19.872014847216246,avg(mc_tps)
2025-06-02 08:19:26,19.89131044835769,avg(mc_tps)
2025-06-02 08:19:27,19.87286150256124,avg(mc_tps)
2025-06-02 08:19:28,19.802170036813738,avg(mc_tps)
2025-06-02 08:19:29,19.95594445339649,avg(mc_tps)
2025-06-02 08:19:30,19.997544195371354,avg(mc_tps)
2025-06-02 08:19:31,19.973115606482246,avg(mc_tps)
2025-06-02 08:19:32,19.95547804121434,avg(mc_tps)
2025-06-02 08:19:33,19.963249236438408,avg(mc_tps)
2025-06-02 08:19:34,19.9179577068818,avg(mc_tps)
2025-06-02 08:19:35,19.892349987000483,avg(mc_tps)
2025-06-02 08:19:36,19.98103727774427,avg(mc_tps)
2025-06-02 08:19:37,19.932773174420856,avg(mc_tps)
2025-06-02 08:19:38,19.96084266410284,avg(mc_tps)
2025-06-02 08:19:39,19.979857546418,avg(mc_tps)
2025-06-02 08:19:40,19.98494345792225,avg(mc_tps)
2025-06-02 08:19:41,19.97080085792135,avg(mc_tps)
2025-06-02 08:19:42,19.970464158141453,avg(mc_tps)
2025-06-02 08:19:43,19.90486288822146,avg(mc_tps)
2025-06-02 08:19:44,19.9273052477982,avg(mc_tps)
2025-06-02 08:19:45,19.972434997788618,avg(mc_tps)
2025-06-02 08:19:46,19.912290952947142,avg(mc_tps)
2025-06-02 08:19:47,19.892335211095048,avg(mc_tps)
2025-06-02 08:19:48,19.89027766336423,avg(mc_tps)
2025-06-02 08:19:49,19.833091859276077,avg(mc_tps)
2025-06-02 08:19:50,19.793452892612187,avg(mc_tps)
2025-06-02 08:19:51,19.68763372016285,avg(mc_tps)
2025-06-02 08:19:52,19.625147847557717,avg(mc_tps)
2025-06-02 08:19:53,19.55723822776149,avg(mc_tps)
2025-06-02 08:19:54,19.62328495938812,avg(mc_tps)
2025-06-02 08:19:55,19.707116417073095,avg(mc_tps)
2025-06-02 08:19:56,19.768143573067984,avg(mc_tps)
2025-06-02 08:19:57,19.9219687293576,avg(mc_tps)
2025-06-02 08:19:58,19.953155114253686,avg(mc_tps)
2025-06-02 08:19:59,19.980360050332592,avg(mc_tps)
2025-06-02 08:20:00,19.99292765234619,avg(mc_tps)
2025-06-02 08:20:01,19.962380611388802,avg(mc_tps)
2025-06-02 08:20:02,19.94357210434637,avg(mc_tps)
2025-06-02 08:20:03,19.956162616012133,avg(mc_tps)
2025-06-02 08:20:04,19.926521285957,avg(mc_tps)
2025-06-02 08:20:05,19.815900482341647,avg(mc_tps)
2025-06-02 08:20:06,19.75930550661024,avg(mc_tps)
2025-06-02 08:20:07,19.764780588967895,avg(mc_tps)
2025-06-02 08:20:08,19.770040729920204,avg(mc_tps)
2025-06-02 08:20:09,19.899337678841214,avg(mc_tps)
2025-06-02 08:20:10,19.969691251835165,avg(mc_tps)
2025-06-02 08:20:11,19.98196335736324,avg(mc_tps)
2025-06-02 08:20:12,19.985919445272224,avg(mc_tps)
2025-06-02 08:20:13,19.97210402609199,avg(mc_tps)
2025-06-02 08:20:14,19.884615922350847,avg(mc_tps)
2025-06-02 08:20:15,19.81903008264095,avg(mc_tps)
2025-06-02 08:20:16,19.81228563269003,avg(mc_tps)
2025-06-02 08:20:17,19.849106863795345,avg(mc_tps)
2025-06-02 08:20:18,19.963500601871964,avg(mc_tps)
2025-06-02 08:20:19,19.913158003459177,avg(mc_tps)
2025-06-02 08:20:20,19.953549663463807,avg(mc_tps)
2025-06-02 08:20:21,19.99308428833489,avg(mc_tps)
2025-06-02 08:20:22,19.960765374029425,avg(mc_tps)
2025-06-02 08:20:23,19.977909048325092,avg(mc_tps)
2025-06-02 08:20:24,19.984810256536505,avg(mc_tps)
2025-06-02 08:20:25,19.93214659416342,avg(mc_tps)
2025-06-02 08:20:26,19.90544325696016,avg(mc_tps)
2025-06-02 08:20:27,19.979769756203435,avg(mc_tps)
2025-06-02 08:20:28,19.89409123063347,avg(mc_tps)
2025-06-02 08:20:29,19.98108653832506,avg(mc_tps)
2025-06-02 08:20:30,19.944792200410717,avg(mc_tps)
2025-06-02 08:20:31,19.96424821515198,avg(mc_tps)
2025-06-02 08:20:32,19.956418944973322,avg(mc_tps)
2025-06-02 08:20:33,19.989599073534812,avg(mc_tps)
2025-06-02 08:20:34,19.850965484063206,avg(mc_tps)
2025-06-02 08:20:35,19.87715425431511,avg(mc_tps)
2025-06-02 08:20:36,19.854935898292513,avg(mc_tps)
2025-06-02 08:20:37,19.832811364200495,avg(mc_tps)
2025-06-02 08:20:38,19.838344209088593,avg(mc_tps)
2025-06-02 08:20:39,19.913769786203574,avg(mc_tps)
2025-06-02 08:20:40,19.92622946154519,avg(mc_tps)
2025-06-02 08:20:41,19.870123280496845,avg(mc_tps)
2025-06-02 08:20:42,19.8512817659974,avg(mc_tps)
2025-06-02 08:20:43,19.73516300416075,avg(mc_tps)
2025-06-02 08:20:44,19.731648876766254,avg(mc_tps)
2025-06-02 08:20:45,19.784285429450374,avg(mc_tps)
2025-06-02 08:20:46,19.81281702083771,avg(mc_tps)
2025-06-02 08:20:47,19.749714296269396,avg(mc_tps)
2025-06-02 08:20:48,19.813340333047485,avg(mc_tps)
2025-06-02 08:20:49,19.775349016181117,avg(mc_tps)
2025-06-02 08:20:50,19.828692356371697,avg(mc_tps)
2025-06-02 08:20:51,19.864372872392636,avg(mc_tps)
2025-06-02 08:20:52,19.859784296087362,avg(mc_tps)
2025-06-02 08:20:53,19.842626957709093,avg(mc_tps)
2025-06-02 08:20:54,19.793836469853456,avg(mc_tps)
2025-06-02 08:20:55,19.738110487181494,avg(mc_tps)
2025-06-02 08:20:56,19.662636434976832,avg(mc_tps)
2025-06-02 08:20:57,19.660128598619433,avg(mc_tps)
2025-06-02 08:20:58,19.816381425238248,avg(mc_tps)
2025-06-02 08:20:59,19.86819226966658,avg(mc_tps)
2025-06-02 08:21:00,19.89955799965797,avg(mc_tps)
2025-06-02 08:21:01,19.938704904869162,avg(mc_tps)
2025-06-02 08:21:02,19.891712761598054,avg(mc_tps)
2025-06-02 08:21:03,19.90222563021365,avg(mc_tps)
2025-06-02 08:21:04,19.931639985363688,avg(mc_tps)
2025-06-02 08:21:05,19.945145559147015,avg(mc_tps)
2025-06-02 08:21:06,19.819469942885274,avg(mc_tps)
2025-06-02 08:21:07,19.897883329892945,avg(mc_tps)
2025-06-02 08:21:08,19.803092933946438,avg(mc_tps)
2025-06-02 08:21:09,19.81202590914594,avg(mc_tps)
2025-06-02 08:21:10,19.74571704181942,avg(mc_tps)
2025-06-02 08:21:11,19.67551915604593,avg(mc_tps)
2025-06-02 08:21:12,19.606162649847775,avg(mc_tps)
2025-06-02 08:21:13,19.686215398069454,avg(mc_tps)
2025-06-02 08:21:14,19.799000072343038,avg(mc_tps)
2025-06-02 08:21:15,19.83217072633164,avg(mc_tps)
2025-06-02 08:21:16,19.844776321396232,avg(mc_tps)
2025-06-02 08:21:17,19.856607353734024,avg(mc_tps)
2025-06-02 08:21:18,19.846560158702975,avg(mc_tps)
2025-06-02 08:21:19,19.840996170511765,avg(mc_tps)
2025-06-02 08:21:20,19.743872029851858,avg(mc_tps)
2025-06-02 08:21:21,19.69684120647692,avg(mc_tps)
2025-06-02 08:21:22,19.7253241502218,avg(mc_tps)
2025-06-02 08:21:23,19.72654359216847,avg(mc_tps)
2025-06-02 08:21:24,19.807843857747226,avg(mc_tps)
2025-06-02 08:21:25,19.821588312658374,avg(mc_tps)
2025-06-02 08:21:26,19.823370562830796,avg(mc_tps)
2025-06-02 08:21:27,19.7984150194608,avg(mc_tps)
2025-06-02 08:21:28,19.742872280917144,avg(mc_tps)
2025-06-02 08:21:29,19.599689174429226,avg(mc_tps)
2025-06-02 08:21:30,19.608461390637338,avg(mc_tps)
2025-06-02 08:21:31,19.59422366504166,avg(mc_tps)
2025-06-02 08:21:32,19.62496059052039,avg(mc_tps)
2025-06-02 08:21:33,19.636749565981603,avg(mc_tps)
2025-06-02 08:21:34,19.65471382146929,avg(mc_tps)
2025-06-02 08:21:35,19.547329105943643,avg(mc_tps)
2025-06-02 08:21:36,19.645436166672358,avg(mc_tps)
2025-06-02 08:21:37,19.734185354489796,avg(mc_tps)
2025-06-02 08:21:38,19.83823345509771,avg(mc_tps)
2025-06-02 08:21:39,19.845936440279793,avg(mc_tps)
2025-06-02 08:21:40,19.81356828200987,avg(mc_tps)
2025-06-02 08:21:41,19.807507427049924,avg(mc_tps)
2025-06-02 08:21:42,19.862113559084456,avg(mc_tps)
2025-06-02 08:21:43,19.88032452156312,avg(mc_tps)
2025-06-02 08:21:44,19.671278308607917,avg(mc_tps)
2025-06-02 08:21:45,19.37214006910598,avg(mc_tps)
2025-06-02 08:21:46,19.456235446363852,avg(mc_tps)
2025-06-02 08:21:47,19.67057259468199,avg(mc_tps)
2025-06-02 08:21:48,19.70107188569852,avg(mc_tps)
2025-06-02 08:21:49,19.820171336579985,avg(mc_tps)
2025-06-02 08:21:50,19.896186757817844,avg(mc_tps)
2025-06-02 08:21:51,19.917982789882718,avg(mc_tps)
2025-06-02 08:21:52,19.81638534745941,avg(mc_tps)
2025-06-02 08:21:53,19.8210248679285,avg(mc_tps)
2025-06-02 08:21:54,19.63987118668423,avg(mc_tps)
2025-06-02 08:21:55,19.463919262271517,avg(mc_tps)
2025-06-02 08:21:56,19.39782466062084,avg(mc_tps)
2025-06-02 08:21:57,19.309222717620084,avg(mc_tps)
2025-06-02 08:21:58,19.183409796489958,avg(mc_tps)
2025-06-02 08:21:59,19.319674249422643,avg(mc_tps)
2025-06-02 08:22:00,19.330520083166356,avg(mc_tps)
2025-06-02 08:22:01,19.448674945740848,avg(mc_tps)
2025-06-02 08:22:02,19.59044958261817,avg(mc_tps)
2025-06-02 08:22:03,19.78794259950244,avg(mc_tps)
2025-06-02 08:22:04,19.676961981546956,avg(mc_tps)
2025-06-02 08:22:05,19.768610282672547,avg(mc_tps)
2025-06-02 08:22:06,19.837032910087377,avg(mc_tps)
2025-06-02 08:22:07,19.830012260837073,avg(mc_tps)
2025-06-02 08:22:08,19.77766103686917,avg(mc_tps)
2025-06-02 08:22:09,19.659229246301457,avg(mc_tps)
2025-06-02 08:22:10,19.704659192534255,avg(mc_tps)
2025-06-02 08:22:11,19.771914784700577,avg(mc_tps)
2025-06-02 08:22:12,19.73471870569171,avg(mc_tps)
2025-06-02 08:22:13,19.682746530127,avg(mc_tps)
2025-06-02 08:22:14,19.55014459584855,avg(mc_tps)
2025-06-02 08:22:15,19.60823420426218,avg(mc_tps)
2025-06-02 08:22:16,19.663198009203807,avg(mc_tps)
2025-06-02 08:22:17,19.651854822117276,avg(mc_tps)
2025-06-02 08:22:18,19.607921429274406,avg(mc_tps)
2025-06-02 08:22:19,19.61756738659976,avg(mc_tps)
2025-06-02 08:22:20,19.621217825747706,avg(mc_tps)
2025-06-02 08:22:21,19.735722633104544,avg(mc_tps)
2025-06-02 08:22:22,19.564398571229507,avg(mc_tps)
2025-06-02 08:22:23,19.672541252319736,avg(mc_tps)
2025-06-02 08:22:24,19.691464959970304,avg(mc_tps)
2025-06-02 08:22:25,19.637217991023853,avg(mc_tps)
2025-06-02 08:22:26,19.568865250504338,avg(mc_tps)
2025-06-02 08:22:27,19.600442905900863,avg(mc_tps)
2025-06-02 08:22:28,19.602595589122288,avg(mc_tps)
2025-06-02 08:22:29,19.70433816158956,avg(mc_tps)
2025-06-02 08:22:30,19.718170748877153,avg(mc_tps)
2025-06-02 08:22:31,19.789908389046985,avg(mc_tps)
2025-06-02 08:22:32,19.724570148385567,avg(mc_tps)
2025-06-02 08:22:33,19.611432716512468,avg(mc_tps)
2025-06-02 08:22:34,19.62487223159298,avg(mc_tps)
2025-06-02 08:22:35,19.685791968435883,avg(mc_tps)
2025-06-02 08:22:36,19.591363695723217,avg(mc_tps)
2025-06-02 08:22:37,19.635938705581374,avg(mc_tps)
2025-06-02 08:22:38,19.77525326548397,avg(mc_tps)
2025-06-02 08:22:39,19.75773949788254,avg(mc_tps)
2025-06-02 08:22:40,19.544376989413948,avg(mc_tps)
2025-06-02 08:22:41,19.62103201784865,avg(mc_tps)
2025-06-02 08:22:42,19.624355339633425,avg(mc_tps)
2025-06-02 08:22:43,19.581258391603793,avg(mc_tps)
2025-06-02 08:22:44,19.43246550410336,avg(mc_tps)
2025-06-02 08:22:45,19.40668128077625,avg(mc_tps)
2025-06-02 08:22:46,19.24861303553026,avg(mc_tps)
2025-06-02 08:22:47,19.42497552244927,avg(mc_tps)
2025-06-02 08:22:48,19.51697604230588,avg(mc_tps)
2025-06-02 08:22:49,19.708339838543846,avg(mc_tps)
2025-06-02 08:22:50,19.860824498475072,avg(mc_tps)
2025-06-02 08:22:51,19.647879417891062,avg(mc_tps)
2025-06-02 08:22:52,19.57579202733755,avg(mc_tps)
2025-06-02 08:22:53,19.610924661413154,avg(mc_tps)
2025-06-02 08:22:54,19.541455972990804,avg(mc_tps)
2025-06-02 08:22:55,19.381376746346906,avg(mc_tps)
2025-06-02 08:22:56,19.366301342903117,avg(mc_tps)
2025-06-02 08:22:57,19.215380162176363,avg(mc_tps)
2025-06-02 08:22:58,18.968715150773775,avg(mc_tps)
2025-06-02 08:22:59,19.212088816459048,avg(mc_tps)
2025-06-02 08:23:00,19.238447642819427,avg(mc_tps)
2025-06-02 08:23:01,19.307239891020757,avg(mc_tps)
2025-06-02 08:23:02,19.198513130420235,avg(mc_tps)
2025-06-02 08:23:03,19.289391874845624,avg(mc_tps)
2025-06-02 08:23:04,19.42338631638438,avg(mc_tps)
2025-06-02 08:23:05,19.448360004473894,avg(mc_tps)
2025-06-02 08:23:06,19.45276196697027,avg(mc_tps)
2025-06-02 08:23:07,19.560811869744132,avg(mc_tps)
2025-06-02 08:23:08,19.563189654787497,avg(mc_tps)
2025-06-02 08:23:09,19.47969912865098,avg(mc_tps)
2025-06-02 08:23:10,19.38572204640031,avg(mc_tps)
2025-06-02 08:23:11,19.363639118658877,avg(mc_tps)
2025-06-02 08:23:12,19.163580981246895,avg(mc_tps)
2025-06-02 08:23:13,19.450988111801415,avg(mc_tps)
2025-06-02 08:23:14,19.551783767788066,avg(mc_tps)
2025-06-02 08:23:15,19.610994705801033,avg(mc_tps)
2025-06-02 08:23:16,19.533223552096054,avg(mc_tps)
2025-06-02 08:23:17,19.580784319130352,avg(mc_tps)
2025-06-02 08:23:18,19.3601785057628,avg(mc_tps)
2025-06-02 08:23:19,19.397415834329028,avg(mc_tps)
2025-06-02 08:23:20,19.32961965919963,avg(mc_tps)
2025-06-02 08:23:21,19.236779936438452,avg(mc_tps)
2025-06-02 08:23:22,19.165664688183625,avg(mc_tps)
2025-06-02 08:23:23,19.486285254021727,avg(mc_tps)
2025-06-02 08:23:24,19.49957885121645,avg(mc_tps)
2025-06-02 08:23:25,19.231975337517778,avg(mc_tps)
2025-06-02 08:23:26,19.113767573464187,avg(mc_tps)
2025-06-02 08:23:27,19.08090480462589,avg(mc_tps)
2025-06-02 08:23:28,19.33697801839699,avg(mc_tps)
2025-06-02 08:23:29,19.31591312191237,avg(mc_tps)
2025-06-02 08:23:30,19.309695262953806,avg(mc_tps)
2025-06-02 08:23:31,19.264445003149856,avg(mc_tps)
2025-06-02 08:23:32,19.060932802121748,avg(mc_tps)
2025-06-02 08:23:33,19.045983199094707,avg(mc_tps)
2025-06-02 08:23:34,18.950682662777492,avg(mc_tps)
2025-06-02 08:23:35,18.89058037397571,avg(mc_tps)
2025-06-02 08:23:36,18.919948133052145,avg(mc_tps)
2025-06-02 08:23:37,19.039096037179473,avg(mc_tps)
2025-06-02 08:23:38,19.081050151239875,avg(mc_tps)
2025-06-02 08:23:39,19.00823404281566,avg(mc_tps)
2025-06-02 08:23:40,19.001134010465176,avg(mc_tps)
2025-06-02 08:23:41,18.971081004823176,avg(mc_tps)
2025-06-02 08:23:42,19.07394186775458,avg(mc_tps)
2025-06-02 08:23:43,19.26589443068013,avg(mc_tps)
2025-06-02 08:23:44,19.510478217261316,avg(mc_tps)
2025-06-02 08:23:45,19.333052767966283,avg(mc_tps)
2025-06-02 08:23:46,19.3667743135914,avg(mc_tps)
2025-06-02 08:23:47,19.36464975579622,avg(mc_tps)
2025-06-02 08:23:48,19.010920878768157,avg(mc_tps)
2025-06-02 08:23:49,18.789093133598254,avg(mc_tps)
2025-06-02 08:23:50,18.77427552053826,avg(mc_tps)
2025-06-02 08:23:51,18.61829734489935,avg(mc_tps)
2025-06-02 08:23:52,18.539112136345686,avg(mc_tps)
2025-06-02 08:23:53,18.531754625300955,avg(mc_tps)
2025-06-02 08:23:54,18.81953923967032,avg(mc_tps)
2025-06-02 08:23:55,18.915528566647524,avg(mc_tps)
2025-06-02 08:23:56,18.88532745319723,avg(mc_tps)
2025-06-02 08:23:57,18.853634672260885,avg(mc_tps)
2025-06-02 08:23:58,18.90414729086101,avg(mc_tps)
2025-06-02 08:23:59,18.614506992844053,avg(mc_tps)
2025-06-02 08:24:00,18.63862050948008,avg(mc_tps)
2025-06-02 08:24:01,18.564578725084388,avg(mc_tps)
2025-06-02 08:24:02,18.621028519565833,avg(mc_tps)
2025-06-02 08:24:03,18.66173065709877,avg(mc_tps)
2025-06-02 08:24:04,18.741227263811695,avg(mc_tps)
2025-06-02 08:24:05,18.800917523708247,avg(mc_tps)
2025-06-02 08:24:06,18.49327436764401,avg(mc_tps)
2025-06-02 08:24:07,18.496813003507626,avg(mc_tps)
2025-06-02 08:24:08,18.75656000559459,avg(mc_tps)
2025-06-02 08:24:09,18.690944175684255,avg(mc_tps)
2025-06-02 08:24:10,18.659074720418598,avg(mc_tps)
2025-06-02 08:24:11,18.722031644752278,avg(mc_tps)
2025-06-02 08:24:12,18.793967878681954,avg(mc_tps)
2025-06-02 08:24:13,18.897145233884658,avg(mc_tps)
2025-06-02 08:24:14,18.747475897430157,avg(mc_tps)
2025-06-02 08:24:15,18.26321067913077,avg(mc_tps)
2025-06-02 08:24:16,18.11760109749831,avg(mc_tps)
2025-06-02 08:24:17,18.21180640223979,avg(mc_tps)
2025-06-02 08:24:18,18.15623876368039,avg(mc_tps)
2025-06-02 08:24:19,18.093912228160555,avg(mc_tps)
2025-06-02 08:24:20,18.278094090771,avg(mc_tps)
2025-06-02 08:24:21,18.507867746985394,avg(mc_tps)
2025-06-02 08:24:22,18.57516545156586,avg(mc_tps)
2025-06-02 08:24:23,18.708660485294686,avg(mc_tps)
2025-06-02 08:24:24,18.84779890897553,avg(mc_tps)
2025-06-02 08:24:25,19.058713490884646,avg(mc_tps)
2025-06-02 08:24:26,18.9836531319367,avg(mc_tps)
2025-06-02 08:24:27,18.69486413295813,avg(mc_tps)
2025-06-02 08:24:28,18.613221473423096,avg(mc_tps)
2025-06-02 08:24:29,18.430085862859254,avg(mc_tps)
2025-06-02 08:24:30,18.217072072173686,avg(mc_tps)
2025-06-02 08:24:31,18.234931371247544,avg(mc_tps)
2025-06-02 08:24:32,18.379533239584184,avg(mc_tps)
2025-06-02 08:24:33,18.656525336244552,avg(mc_tps)
2025-06-02 08:24:34,18.701470146948388,avg(mc_tps)
2025-06-02 08:24:35,18.56688632656724,avg(mc_tps)
2025-06-02 08:24:36,18.58125590006907,avg(mc_tps)
2025-06-02 08:24:37,18.600466925273814,avg(mc_tps)
2025-06-02 08:24:38,18.54011491207573,avg(mc_tps)
2025-06-02 08:24:39,18.47452532052541,avg(mc_tps)
2025-06-02 08:24:40,18.36988998004839,avg(mc_tps)
2025-06-02 08:24:41,18.355522681451824,avg(mc_tps)
2025-06-02 08:24:42,18.47736959312197,avg(mc_tps)
2025-06-02 08:24:43,18.46453310836917,avg(mc_tps)
2025-06-02 08:24:44,18.64002899911745,avg(mc_tps)
2025-06-02 08:24:45,18.606007300099506,avg(mc_tps)
2025-06-02 08:24:46,18.544885588327823,avg(mc_tps)
2025-06-02 08:24:47,18.227484837752307,avg(mc_tps)
2025-06-02 08:24:48,18.09704993984864,avg(mc_tps)
2025-06-02 08:24:49,18.111569288335744,avg(mc_tps)
2025-06-02 08:24:50,18.053961516349275,avg(mc_tps)
2025-06-02 08:24:51,18.17973061366707,avg(mc_tps)
2025-06-02 08:24:52,18.21017627573695,avg(mc_tps)
2025-06-02 08:24:53,18.430626513090957,avg(mc_tps)
2025-06-02 08:24:54,18.676780420761936,avg(mc_tps)
2025-06-02 08:24:55,18.788707606233515,avg(mc_tps)
2025-06-02 08:24:56,18.28402211179179,avg(mc_tps)
2025-06-02 08:24:57,17.989546153934185,avg(mc_tps)
2025-06-02 08:24:58,17.807384759384135,avg(mc_tps)
2025-06-02 08:24:59,17.73097382275571,avg(mc_tps)
2025-06-02 08:25:00,17.65313998182925,avg(mc_tps)
2025-06-02 08:25:01,17.778707016776114,avg(mc_tps)
2025-06-02 08:25:02,18.25941471170713,avg(mc_tps)
2025-06-02 08:25:03,18.514135986629615,avg(mc_tps)
2025-06-02 08:25:04,18.535527216886734,avg(mc_tps)
2025-06-02 08:25:05,18.36619425386309,avg(mc_tps)
2025-06-02 08:25:06,18.40337676392804,avg(mc_tps)
2025-06-02 08:25:07,18.51923406267563,avg(mc_tps)
2025-06-02 08:25:08,18.33060366736123,avg(mc_tps)
2025-06-02 08:25:09,18.2573204389618,avg(mc_tps)
2025-06-02 08:25:10,18.325564828642257,avg(mc_tps)
2025-06-02 08:25:11,18.37338350903634,avg(mc_tps)
2025-06-02 08:25:12,18.2967625396212,avg(mc_tps)
2025-06-02 08:25:13,18.348904329525773,avg(mc_tps)
2025-06-02 08:25:14,18.37873424132325,avg(mc_tps)
2025-06-02 08:25:15,18.32811726940971,avg(mc_tps)
2025-06-02 08:25:16,18.11089875618785,avg(mc_tps)
2025-06-02 08:25:17,18.00638274734495,avg(mc_tps)
2025-06-02 08:25:18,18.228251268848624,avg(mc_tps)
2025-06-02 08:25:19,18.174943461744974,avg(mc_tps)
2025-06-02 08:25:20,18.105011331225143,avg(mc_tps)
2025-06-02 08:25:21,18.165020818200084,avg(mc_tps)
2025-06-02 08:25:22,18.1570022114028,avg(mc_tps)
2025-06-02 08:25:23,18.27532301466286,avg(mc_tps)
2025-06-02 08:25:24,18.30258889515342,avg(mc_tps)
2025-06-02 08:25:25,18.131645739704314,avg(mc_tps)
2025-06-02 08:25:26,17.962274343655718,avg(mc_tps)
2025-06-02 08:25:27,18.315488391946797,avg(mc_tps)
2025-06-02 08:25:28,18.273167901720903,avg(mc_tps)
2025-06-02 08:25:29,18.05915511579204,avg(mc_tps)
2025-06-02 08:25:30,17.879475034267067,avg(mc_tps)
2025-06-02 08:25:31,17.939805748756584,avg(mc_tps)
2025-06-02 08:25:32,17.880179160282285,avg(mc_tps)
2025-06-02 08:25:33,17.816055277711193,avg(mc_tps)
2025-06-02 08:25:34,17.845113896840875,avg(mc_tps)
2025-06-02 08:25:35,17.76488241431888,avg(mc_tps)
2025-06-02 08:25:36,17.94167471374405,avg(mc_tps)
2025-06-02 08:25:37,17.986442792657073,avg(mc_tps)
2025-06-02 08:25:38,18.14983501273887,avg(mc_tps)
2025-06-02 08:25:39,18.054226787982543,avg(mc_tps)
2025-06-02 08:25:40,18.167969257327027,avg(mc_tps)
2025-06-02 08:25:41,18.388877737263673,avg(mc_tps)
2025-06-02 08:25:42,18.64622183453057,avg(mc_tps)
2025-06-02 08:25:43,18.743866876137417,avg(mc_tps)
2025-06-02 08:25:44,18.772704432044012,avg(mc_tps)
2025-06-02 08:25:45,18.4292910179162,avg(mc_tps)
2025-06-02 08:25:46,18.37860329121795,avg(mc_tps)
2025-06-02 08:25:47,18.415728000945965,avg(mc_tps)
2025-06-02 08:25:48,18.37176786311596,avg(mc_tps)
2025-06-02 08:25:49,18.417523266605695,avg(mc_tps)
2025-06-02 08:25:50,18.485507889004268,avg(mc_tps)
2025-06-02 08:25:51,18.36036431242768,avg(mc_tps)
2025-06-02 08:25:52,18.454446885732924,avg(mc_tps)
2025-06-02 08:25:53,18.430416623566092,avg(mc_tps)
2025-06-02 08:25:54,18.366270683807365,avg(mc_tps)
2025-06-02 08:25:55,18.215471040150728,avg(mc_tps)
2025-06-02 08:25:56,18.255550804263187,avg(mc_tps)
2025-06-02 08:25:57,18.407645513005317,avg(mc_tps)
2025-06-02 08:25:58,18.328290857473576,avg(mc_tps)
2025-06-02 08:25:59,18.275180369859573,avg(mc_tps)
2025-06-02 08:26:00,18.630863253364737,avg(mc_tps)
2025-06-02 08:26:01,18.76401354760923,avg(mc_tps)
2025-06-02 08:26:02,18.754109346539305,avg(mc_tps)
2025-06-02 08:26:03,18.754558136960476,avg(mc_tps)
2025-06-02 08:26:04,18.70486275702292,avg(mc_tps)
2025-06-02 08:26:05,18.71846359871567,avg(mc_tps)
2025-06-02 08:26:06,18.969743909803015,avg(mc_tps)
2025-06-02 08:26:07,19.200905639985482,avg(mc_tps)
2025-06-02 08:26:08,19.16292488495061,avg(mc_tps)
2025-06-02 08:26:09,18.951722270654614,avg(mc_tps)
2025-06-02 08:26:10,18.838149333392458,avg(mc_tps)
2025-06-02 08:26:11,18.89432514197412,avg(mc_tps)
2025-06-02 08:26:12,18.895450343267164,avg(mc_tps)
2025-06-02 08:26:13,19.007274134332356,avg(mc_tps)
2025-06-02 08:26:14,19.28732117285588,avg(mc_tps)
2025-06-02 08:26:15,19.371779372127705,avg(mc_tps)
2025-06-02 08:26:16,19.40262722892685,avg(mc_tps)
2025-06-02 08:26:17,19.36547483624162,avg(mc_tps)
2025-06-02 08:26:18,19.14885096908128,avg(mc_tps)
2025-06-02 08:26:19,19.007075978138435,avg(mc_tps)
2025-06-02 08:26:20,19.10890982253119,avg(mc_tps)
2025-06-02 08:26:21,19.241346791061797,avg(mc_tps)
2025-06-02 08:26:22,19.224111054639504,avg(mc_tps)
2025-06-02 08:26:23,19.439524735223586,avg(mc_tps)
2025-06-02 08:26:24,19.443130110061443,avg(mc_tps)
2025-06-02 08:26:25,19.2919029669484,avg(mc_tps)
2025-06-02 08:26:26,19.36232101761858,avg(mc_tps)
2025-06-02 08:26:27,19.50252832408408,avg(mc_tps)
2025-06-02 08:26:28,19.577003355732572,avg(mc_tps)
2025-06-02 08:26:29,19.697577531473236,avg(mc_tps)
2025-06-02 08:26:30,19.708777655428594,avg(mc_tps)
2025-06-02 08:26:31,19.608684500300345,avg(mc_tps)
2025-06-02 08:26:32,19.58893217514583,avg(mc_tps)
2025-06-02 08:26:33,19.630289601026266,avg(mc_tps)
2025-06-02 08:26:34,19.49147332986187,avg(mc_tps)
2025-06-02 08:26:35,19.341793473026726,avg(mc_tps)
2025-06-02 08:26:36,19.2123405032002,avg(mc_tps)
2025-06-02 08:26:37,19.41775138082603,avg(mc_tps)
2025-06-02 08:26:38,19.39794285862414,avg(mc_tps)
2025-06-02 08:26:39,19.470898858772667,avg(mc_tps)
2025-06-02 08:26:40,19.590462416479195,avg(mc_tps)
2025-06-02 08:26:41,19.564467772818986,avg(mc_tps)
2025-06-02 08:26:42,19.589326354518576,avg(mc_tps)
2025-06-02 08:26:43,19.54792590654148,avg(mc_tps)
2025-06-02 08:26:44,19.34680994400168,avg(mc_tps)
2025-06-02 08:26:45,19.21413273220331,avg(mc_tps)
2025-06-02 08:26:46,19.393515498344442,avg(mc_tps)
2025-06-02 08:26:47,19.379209055948863,avg(mc_tps)
2025-06-02 08:26:48,19.1758109492599,avg(mc_tps)
2025-06-02 08:26:49,19.29235480504027,avg(mc_tps)
2025-06-02 08:26:50,19.398241144521943,avg(mc_tps)
2025-06-02 08:26:51,19.31347969944714,avg(mc_tps)
2025-06-02 08:26:52,19.317220808319043,avg(mc_tps)
2025-06-02 08:26:53,19.443870251805777,avg(mc_tps)
2025-06-02 08:26:54,19.414220525881838,avg(mc_tps)
2025-06-02 08:26:55,19.48163517603522,avg(mc_tps)
2025-06-02 08:26:56,19.566694479846845,avg(mc_tps)
2025-06-02 08:26:57,19.607107615567276,avg(mc_tps)
2025-06-02 08:26:58,19.580431050450102,avg(mc_tps)
2025-06-02 08:26:59,19.56767493019447,avg(mc_tps)
2025-06-02 08:27:00,19.532394574345407,avg(mc_tps)
2025-06-02 08:27:01,19.63487406985053,avg(mc_tps)
2025-06-02 08:27:02,19.752757990400674,avg(mc_tps)
2025-06-02 08:27:03,19.77025902853436,avg(mc_tps)
2025-06-02 08:27:04,19.819688944728124,avg(mc_tps)
2025-06-02 08:27:05,19.81364769406685,avg(mc_tps)
2025-06-02 08:27:06,19.729578322753724,avg(mc_tps)
2025-06-02 08:27:07,19.78604724053433,avg(mc_tps)
2025-06-02 08:27:08,19.758798461325938,avg(mc_tps)
2025-06-02 08:27:09,19.773970966517485,avg(mc_tps)
2025-06-02 08:27:10,19.789100267958073,avg(mc_tps)
2025-06-02 08:27:11,19.872343862837347,avg(mc_tps)
2025-06-02 08:27:12,19.910461647744324,avg(mc_tps)
2025-06-02 08:27:13,19.83472072769898,avg(mc_tps)
2025-06-02 08:27:14,19.766512252906576,avg(mc_tps)
2025-06-02 08:27:15,19.67532622797521,avg(mc_tps)
2025-06-02 08:27:16,19.65155017466879,avg(mc_tps)
2025-06-02 08:27:17,19.648825479032713,avg(mc_tps)
2025-06-02 08:27:18,19.662844125542637,avg(mc_tps)
2025-06-02 08:27:19,19.683332111623002,avg(mc_tps)
2025-06-02 08:27:20,19.73074675522326,avg(mc_tps)
2025-06-02 08:27:21,19.653905364215245,avg(mc_tps)
2025-06-02 08:27:22,19.840824447067256,avg(mc_tps)
2025-06-02 08:27:23,19.91900374365753,avg(mc_tps)
2025-06-02 08:27:24,19.85543428149718,avg(mc_tps)
2025-06-02 08:27:25,19.86543975549472,avg(mc_tps)
2025-06-02 08:27:26,19.930310460154292,avg(mc_tps)
2025-06-02 08:27:27,19.927376574654975,avg(mc_tps)
2025-06-02 08:27:28,19.900182584446345,avg(mc_tps)
2025-06-02 08:27:29,19.855761901200026,avg(mc_tps)
2025-06-02 08:27:30,19.83831685782144,avg(mc_tps)
2025-06-02 08:27:31,19.722496344631562,avg(mc_tps)
2025-06-02 08:27:32,19.659933407396725,avg(mc_tps)
2025-06-02 08:27:33,19.70308437027859,avg(mc_tps)
2025-06-02 08:27:34,19.8643926426243,avg(mc_tps)
2025-06-02 08:27:35,19.921886579579493,avg(mc_tps)
2025-06-02 08:27:36,19.93862125864592,avg(mc_tps)
2025-06-02 08:27:37,19.951377891383363,avg(mc_tps)
2025-06-02 08:27:38,19.95816292084954,avg(mc_tps)
2025-06-02 08:27:39,19.95557851750859,avg(mc_tps)
2025-06-02 08:27:40,19.886460740000004,avg(mc_tps)
2025-06-02 08:27:41,19.917653901053182,avg(mc_tps)
2025-06-02 08:27:42,19.91409023341603,avg(mc_tps)
2025-06-02 08:27:43,19.901466729157352,avg(mc_tps)
2025-06-02 08:27:44,19.876599340123544,avg(mc_tps)
2025-06-02 08:27:45,19.864754445791036,avg(mc_tps)
2025-06-02 08:27:46,19.91843127340123,avg(mc_tps)
2025-06-02 08:27:47,19.941375448489232,avg(mc_tps)
2025-06-02 08:27:48,19.94043004920083,avg(mc_tps)
2025-06-02 08:27:49,19.91718607584479,avg(mc_tps)
2025-06-02 08:27:50,19.94888529126468,avg(mc_tps)
2025-06-02 08:27:51,19.903878079344384,avg(mc_tps)
2025-06-02 08:27:52,19.83124507997793,avg(mc_tps)
2025-06-02 08:27:53,19.849104006622202,avg(mc_tps)
2025-06-02 08:27:54,19.91245438203011,avg(mc_tps)
2025-06-02 08:27:55,19.852509672824084,avg(mc_tps)
2025-06-02 08:27:56,19.93465857463159,avg(mc_tps)
2025-06-02 08:27:57,19.976663199876786,avg(mc_tps)
2025-06-02 08:27:58,19.972204863637486,avg(mc_tps)
2025-06-02 08:27:59,19.910676298326486,avg(mc_tps)
2025-06-02 08:28:00,19.961799931328592,avg(mc_tps)
2025-06-02 08:28:01,19.937572556770547,avg(mc_tps)
2025-06-02 08:28:02,19.970891609632556,avg(mc_tps)
2025-06-02 08:28:03,19.93451534026002,avg(mc_tps)
2025-06-02 08:28:04,19.980026052424382,avg(mc_tps)
2025-06-02 08:28:05,19.951456855698066,avg(mc_tps)
2025-06-02 08:28:06,19.98101075042665,avg(mc_tps)
2025-06-02 08:28:07,19.93370481894234,avg(mc_tps)
2025-06-02 08:28:08,19.921041964300397,avg(mc_tps)
2025-06-02 08:28:09,19.920292930126568,avg(mc_tps)
2025-06-02 08:28:10,18.667729321974562,avg(mc_tps)
2025-06-02 08:28:11,18.35919139138192,avg(mc_tps)
2025-06-02 08:28:12,17.009554397122375,avg(mc_tps)
2025-06-02 08:28:13,17.8576844273667,avg(mc_tps)
2025-06-02 08:28:14,18.530190078120683,avg(mc_tps)
2025-06-02 08:28:15,19.54171320979175,avg(mc_tps)
2025-06-02 08:28:16,19.99993192750763,avg(mc_tps)
2025-06-02 08:28:17,19.99973393522869,avg(mc_tps)
2025-06-02 08:28:18,19.999524259935086,avg(mc_tps)
2025-06-02 08:28:19,19.99992787705771,avg(mc_tps)
2025-06-02 08:28:20,19.99991809582923,avg(mc_tps)
2025-06-02 08:28:21,19.99984117342205,avg(mc_tps)
2025-06-02 08:28:22,20.0,avg(mc_tps)
2025-06-02 08:28:23,19.999748283893247,avg(mc_tps)
2025-06-02 08:28:24,19.99984891044087,avg(mc_tps)
2025-06-02 08:28:25,19.999921762108894,avg(mc_tps)
2025-06-02 08:28:26,19.99991782540789,avg(mc_tps)
2025-06-02 08:28:27,19.99990853545357,avg(mc_tps)
2025-06-02 08:28:28,19.999850587797646,avg(mc_tps)
2025-06-02 08:28:29,19.999832788997693,avg(mc_tps)
2025-06-02 08:28:30,19.999891254945187,avg(mc_tps)
2025-06-02 08:28:31,19.999867267021763,avg(mc_tps)
2025-06-02 08:28:32,19.9998135517885,avg(mc_tps)
2025-06-02 08:28:33,19.9998794120971,avg(mc_tps)
2025-06-02 08:28:34,19.999907842624005,avg(mc_tps)
2025-06-02 08:28:35,19.99989884829151,avg(mc_tps)
2025-06-02 08:28:36,19.99992976163198,avg(mc_tps)
2025-06-02 08:28:37,19.999899920414673,avg(mc_tps)
2025-06-02 08:28:38,19.99990527080172,avg(mc_tps)
2025-06-02 08:28:39,19.9998967379478,avg(mc_tps)
2025-06-02 08:28:40,19.999862709051452,avg(mc_tps)
2025-06-02 08:28:41,19.999747398725606,avg(mc_tps)
2025-06-02 08:28:42,19.9998953540713,avg(mc_tps)
2025-06-02 08:28:43,19.99990752400134,avg(mc_tps)
2025-06-02 08:28:44,19.999797379705036,avg(mc_tps)
2025-06-02 08:28:45,19.999943166191805,avg(mc_tps)
2025-06-02 08:28:46,19.999911067261063,avg(mc_tps)
2025-06-02 08:28:47,19.999888570231256,avg(mc_tps)
2025-06-02 08:28:48,19.999865467540687,avg(mc_tps)
2025-06-02 08:28:49,19.99989254547468,avg(mc_tps)
2025-06-02 08:28:50,19.99986751499112,avg(mc_tps)
2025-06-02 08:28:51,19.99990938641377,avg(mc_tps)
2025-06-02 08:28:52,19.999852560220653,avg(mc_tps)
2025-06-02 08:28:53,19.99982093161522,avg(mc_tps)
2025-06-02 08:28:54,19.99985541666754,avg(mc_tps)
2025-06-02 08:28:55,19.99995440779628,avg(mc_tps)
2025-06-02 08:28:56,19.998613250666605,avg(mc_tps)
2025-06-02 08:28:57,19.999893415488,avg(mc_tps)
2025-06-02 08:28:58,19.999675145643057,avg(mc_tps)
2025-06-02 08:28:59,19.99991308851899,avg(mc_tps)
2025-06-02 08:29:00,19.999847552216963,avg(mc_tps)
2025-06-02 08:29:01,19.999946354671952,avg(mc_tps)
2025-06-02 08:29:02,19.99988980037558,avg(mc_tps)
2025-06-02 08:29:03,19.99990883711441,avg(mc_tps)
2025-06-02 08:29:04,19.999870735642705,avg(mc_tps)
2025-06-02 08:29:05,19.999804802943075,avg(mc_tps)
2025-06-02 08:29:06,19.999909127439686,avg(mc_tps)
2025-06-02 08:29:07,19.99980539606991,avg(mc_tps)
2025-06-02 08:29:08,19.999901827538803,avg(mc_tps)
2025-06-02 08:29:09,19.999888412019253,avg(mc_tps)
2025-06-02 08:29:10,19.999971063007177,avg(mc_tps)
2025-06-02 08:29:11,19.999882360197873,avg(mc_tps)
